label,color,carbon,hydrogen,options
LX56.1,L,27.907000,1.053000,L56.1
LX118.1,L,27.750000,0.830000,L118.1 L66.1
LX14.1,L,27.177000,0.867000,L14.1
LX96.1,L,27.073999,0.771000,L96.1
LX21.1,L,26.719999,0.781000,L21.1
LX25.2,L,26.525000,0.915000,L25.2
LX18.2,L,26.544001,0.957000,L18.2
LX72.1,L,26.142000,0.974000,L72.1
LX17.2,L,26.129999,0.883000,L17.2
LX132.1,L,26.080000,0.825000,L132.1
LX25.1,L,23.905001,0.987000,L25.1
LX70.1,L,25.849001,0.734000,L66.1 L70.1
LX53.1,L,25.759001,1.042000,L53.1
LX66.2,L,25.594999,0.860000,L118.2 L66.2 L70.2
LX40.1,L,25.542000,0.977000,L40.1
LX80.1,L,25.540001,0.816000,L19.1 L80.1
LX63.1,L,25.488001,0.871000,L63.1
LX59.2,L,25.386999,0.256000,L59.2
LX36.2,L,25.319000,1.037000,L36.2
LX94.1,L,25.107000,0.863000,L94.1
LX12.1,L,24.905001,0.894000,L12.1 L19.1 L80.1
LX56.2,L,24.855000,0.740000,L56.2
LX19.1,L,24.511999,0.928000,L12.1 L19.1 L80.1
LX19.2,L,24.349001,0.904000,L12.2 L19.2 L80.2
LX96.2,L,24.139000,1.024000,L96.2
LX53.2,L,24.216000,0.990000,L53.2
LX12.2,L,23.988001,0.885000,L12.2 L19.2 L80.2
LX18.1,L,26.009001,1.032000,L18.1
LX80.2,L,23.889999,0.818000,L19.2 L80.2
LX14.2,L,23.736000,0.921000,L14.2
VX69.2,V,23.542999,0.627000,V69.2
LX72.2,L,23.375999,0.940000,L72.2
LX94.2,L,23.216999,0.864000,L94.2
LX70.2,L,23.181999,0.723000,L66.2 L70.2
LX36.1,L,23.003000,1.014000,L36.1
VX115.2,V,22.790001,0.960000,V115.2
VX91.2,V,22.705000,1.140000,V91.2
VX93.1,V,22.679001,0.881000,V93.1
LX132.2,L,22.503000,0.833000,L132.2
LX59.1,L,22.483000,0.099000,L59.1
LX40.2,L,22.108999,0.992000,L40.2
LX63.2,L,22.134001,0.704000,L63.2
LX21.2,L,21.761000,0.703000,L21.2
VX91.1,V,21.164000,0.981000,V91.1
VX115.1,V,21.031000,0.932000,V115.1
IX114,I,14.668000,0.682000,I114
IX28,I,14.282000,0.690000,I28
IX122,I,14.078000,0.735000,I122
IX89,I,13.783000,0.642000,I24 I86 I89
IX92,I,13.582000,0.719000,I92
IX86,I,10.179000,0.680000,I24 I86 I89
IX128,I,10.068000,0.250000,I128
LX85.1,L,25.226999,0.843000,L85.1
LX17.1,L,24.822001,0.876000,L17.1
VX69.1,V,22.973000,0.952000,V69.1
IX129,I,13.760000,0.764000,I129 I24 I86 I89
VX93.2,V,24.128000,0.986000,V93.2
LX66.1,L,23.982000,0.847000,L118.1 L66.1 L70.1
LX118.2,L,22.798000,0.951000,L118.2 L66.2
LX85.2,L,24.822001,0.912000,L85.2
IX24,I,13.801000,0.750000,I129 I24 I86 I89
