label,color,carbon,hydrogen,options
IX9,I,14.022000,0.990000,I9
IX13,I,10.578000,1.035000,I13
LX16.2,L,23.378000,0.854000,L16.2
LX16.1,L,25.563999,0.825000,L16.1
IX201,I,13.906000,0.674000,I20
LX21.2,L,23.653999,0.833000,L21.2
LX21.1,L,25.664000,0.963000,L21.1
VX26.1,V,18.407000,0.299000,V26.1
VX26.2,V,22.653000,1.014000,V26.2
LX31.2,L,22.677999,0.878000,L31.2
LX31.1,L,26.926001,0.900000,L31.1
LX36.1,L,24.212999,0.944000,L36.1
LX36.2,L,26.532000,1.051000,L36.2
LX38.2,L,23.872999,0.795000,L38.2
LX38.1,L,27.504000,0.697000,L38.1
LX41.2,L,22.642000,0.806000,L41.2
LX41.1,L,25.068001,0.172000,L41.1
VX49.1,V,21.537001,0.815000,V100.1 V101.1 V49.1
VX49.2,V,21.212999,0.881000,V100.2 V101.2 V49.2
LX53.1,L,26.502001,0.369000,L53.1
LX53.2,L,21.280001,0.111000,L53.2
IX55,I,14.198000,0.276000,I55
LX58.1,L,25.606001,0.732000,L58.1
LX58.2,L,23.582001,0.790000,L58.2
VX63.1,V,21.105000,0.670000,V63.1
VX63.2,V,22.902000,0.918000,V63.2
IX66,I,15.596000,0.720000,I66
VX67.1,V,22.486000,1.040000,V67.1
VX67.2,V,20.736000,0.829000,V67.2
LX72.1,L,23.684000,0.913000,L72.1
LX72.2,L,25.617001,0.881000,L72.2
IX77,I,10.763000,0.920000,I77
VX81.1,V,22.666000,0.622000,V81.1
VX81.2,V,17.948000,0.298000,V81.2
LX82.1,L,24.834000,0.976000,L82.1
LX82.2,L,27.459000,1.014000,L82.2
VX95.1,V,23.152000,1.043000,V95.1
VX95.2,V,19.047001,0.825000,V95.2
VX101.1,V,22.868999,1.072000,V100.1 V101.1 V49.1
VX101.2,V,23.507000,1.439000,V100.2 V101.2 V49.2
VX100.1,V,21.395000,1.259000,V100.1 V101.1 V49.1
VX100.2,V,23.132999,1.077000,V100.2 V101.2 V49.2
LX111.2,L,21.205999,0.742000,L111.2
LX111.1,L,27.143999,0.780000,L111.1
LX112.2,L,25.261000,0.233000,L112.2
LX112.1,L,22.971001,0.653000,L112.1
LX116.1,L,26.620001,0.930000,L116.1
LX116.2,L,23.781000,1.108000,L116.2
IX117,I,14.557000,0.855000,I117
LX125.1,L,25.714001,-0.349000,L125.1
LX125.2,L,22.948999,0.268000,L125.2
LX133.2,L,22.728001,0.566000,L133.2
LX133.1,L,25.431999,0.535000,L133.1
