label,color,assignment,carbon,hydrogen,options
IX1,I,,12.741000,0.738000,I1
IX7,I,,15.138000,0.701000,I7
VX9.1,V,,21.075001,0.917000,V9.1 V9.2
VX9.2,V,,24.263000,0.975000,V9.1 V9.2
AX15,A,,19.898001,1.693000,A15
LX23.1,L,,20.724001,-0.580000,L23.1 L23.2
LX23.2,L,,26.188000,0.015000,L23.1 L23.2
VX27.1,V,,22.072001,0.914000,V27.1 V27.2
VX27.2,V,,23.663000,0.747000,V27.1 V27.2
IX35,I,,12.899000,-0.549000,I35
VX37.1,V,,21.576000,0.238000,V37.1
VX37.2,V,,21.728001,0.490000,V37.2
LX39.1,L,,24.833000,0.742000,L39.1 L39.2
LX39.2,L,,26.212999,0.720000,L39.1 L39.2
LX40.1,L,,26.091999,0.589000,L40.1
LX40.2,L,,22.407000,0.384000,L40.2
IX46,I,,13.691000,0.827000,I46
VX49.1,V,,22.558001,1.088000,V49.1 V49.2
VX49.2,V,,21.440001,1.020000,V49.1 V49.2
LX54.1,L,,25.907000,0.870000,L54.1 L54.2 L65.1 L65.2
LX54.2,L,,24.270000,1.075000,L54.1 L54.2 L65.1 L65.2
LX64.1,L,,25.941000,1.056000,L64.2
LX64.2,L,,25.670000,0.982000,L64.1
LX65.1,L,,23.938999,1.042000,L54.1 L54.2 L65.1 L65.2
LX65.2,L,,25.954000,0.776000,L54.1 L54.2 L65.1 L65.2
AX79,A,,24.177999,1.190000,A79
VX82.1,V,,21.646000,0.587000,V82.1 V82.2
VX82.2,V,,23.263000,0.796000,V82.1 V82.2
VX85.1,V,,20.781000,0.860000,V85.1 V85.2
VX85.2,V,,19.701000,0.576000,V85.1 V85.2
LX87.1,L,,26.681999,0.949000,L87.1 L87.2
LX87.2,L,,23.283001,0.960000,L87.1 L87.2
IX92,I,,12.886000,0.722000,I92
VX93.1,V,,21.566999,1.030000,V93.1 V93.2
VX93.2,V,,21.906000,0.911000,V93.1 V93.2
